Workbook

Sheet Main Parameters
B3: Electrical Requirments
B4: Vbus | C4: 48 | D4: V | E4: Input voltage from the power supply
B5: Vcell_max | C5: 5.5 | D5: V | E5: Maximum Cell Voltage
B6: Vcell_min | C6: 2 | D6: V | E6: Minimum Cell Voltage
B7: Ichg_max | C7: 100 | D7: A | E7: Peak Charging Current
B8: Idchg_max | C8: 100 | D8: A | E8: Peak Discharg Current
B10: Temperature Requirments
B11: Tchg_min | C11: 0 | D11: ºC | E11: Minimum Charge Temperature
B12: Tchg_max | C12: 45 | D12: ºC | E12: Maximum Charge Temperature
B13: Tdchg_min | C13: -20 | D13: ºC | E13: Minimum Discharge Temperature
B14: Tdchg_max | C14: 60 | D14: ºC | E14: Maximum Discharge Temperature
B15: Tamb | C15: 25 | D15: ºC | E15: Ambient Temperature

Sheet Converter Design
B2: Converter Values
B3: fsw | C3: 10 | D3: kHz | E3: Switching frequency
B4: r | C4: 0.001 | E4: Inductor ripple ratio
B5: delta_V | C5: 0.02 | D5: V | E5: Voltage Ripple
B6: y | C6: 0.9 | E6: Converter Efficiency
B7: Imax | C7: =MAX('Main Parameters'!C7:C8) -> 100 | D7: A | E7: Maximum converter current
B9: Duty Cycle
B10: Buck_D | C10: ='Main Parameters'!C5/('Main Parameters'!C4*C6) -> 0.12731481 | D10: % | E10: Buck converter duty cycle at the maximum cell voltage
B11: Boost_D | C11: =1 - (('Main Parameters'!C6 * C6)/ 'Main Parameters'!C4) -> 0.9625 | D11: % | E11: Boost conveter duty cycle at the minimum cell voltage
B14: Inductor Values | G14: Inductor Losses
B15: delta_IL | C15: =C4*MAX('Main Parameters'!C7:C8) -> 0.1 | D15: App | E15: Inductor current ripple calculated | G15: R_DCR | I15: Inductor DCR
B16: L_chg | C16: =(C10*('Main Parameters'!C4-'Main Parameters'!C5))/(C15*C3)*1000 -> 5410.8796 | D16: uH | E16: Inductance required for charging to the maximum cell voltage | G16: P_CU | I16: Inductor copper losses
B17: L_dchg | C17: =('Main Parameters'!C6*(C11))/(C15*C3)*1000 -> 1925 | D17: uH | E17: Inductance required for discharging to the minimum cell voltage
B18: L | C18: =MAX(C16:C17) -> 5410.8796 | D18: uH | E18: Buck Boost converter inductance
B19: Isat | C19: =C7+(C15/2) -> 100.05 | D19: A | E19: Inductor Saturation Current
B20: Isat_1,2 | C20: =C19*1.2 -> 120.06 | D20: A | E20: Inductor saturation current with a 20% safety margin
B22: Capacitor Values Cell Side | G22: Capacitor Losses
B23: delta_V_ESR | C23: =C5/2 -> 0.01 | D23: V | E23: Voltage ripple because of capacitor ESR
B24: delta_V_C | C24: =C5/2 -> 0.01 | D24: V | E24: Voltage ripple because of capacitor capacitance
B25: C_min_buck | C25: =(C15/(8*C3*1000*C24))*1000 -> 0.125 | D25: mC | E25: Capacitance required for max buck ripple
B26: C_min_transient | C26: =(C15*(C18/1000))/(C24*2*'Main Parameters'!C5) -> 4.9189815 | D26: mC | E26: Capacitance required for max transient ripple
B27: R_ESR_max | C27: =C23/C15 -> 0.1 | D27: ohm | E27: Maximum ESR for capacitor
E1048576: d

Sheet Discharge Load Calculations
B2: Converter Values
B3: t | C3: 10 | D3: ms | E3: Burst time
B4: V_bus_delta | C4: 2 | D4: V | E4: Burst voltage max change value
B5: V_cell_max | C5: ='Main Parameters'!C5 -> 5.5 | D5: V | E5: Maximum cell voltage
B6: V_bus | C6: ='Main Parameters'!C4 -> 48 | D6: V | E6: Bus voltage
B7: Imax | C7: =MAX('Main Parameters'!C4:C8) -> 100 | D7: A | E7: Maximum converter current
B9: Discharge Load Values
B10: P_dis | C10: =C5*C7 -> 550 | D10: W | E10: Discharge power at I max
B11: P_bus | C11: =C10 -> 550 | D11: W | E11: Discharge bus power at I max
B12: I_bus | C12: =C11/C6 -> 11.458333 | D12: A | E12: Discharge current at bus voltage
B13: R_load | C13: =(C6*C6)/C11 -> 4.1890909 | D13: ohm | E13: Resistance required for discharge
B14: C_bus | C14: =(((C3/1000)*C12)/C4)*1000 -> 57.291667 | D14: mF | E14: Bus side capacitance
